{
    "loss": 2.7691149711608887,
    "accuracy": 0.8135592937469482
}